{
  "classwise_qhat": {
    "58": {
      "90%": [
        0.4251709580421448,
        18.584671020507812,
        25.303021788597107,
        19.741966247558594,
        28.1365966796875
      ]
    },
    "62": {
      "90%": [
        0.26564955711364746,
        10.054308891296387,
        7.887481689453125,
        12.820068359375,
        22.772308349609375
      ]
    },
    "56": {
      "90%": [
        0.42144113779067993,
        13.41351318359375,
        17.357101440429688,
        14.52154541015625,
        15.694793701171875
      ]
    },
    "0": {
      "90%": [
        0.3282219171524048,
        11.62127685546875,
        9.265274047851562,
        12.470291137695312,
        18.113677978515625
      ]
    },
    "72": {
      "90%": [
        0.2878994345664978,
        17.70220947265625,
        21.06805992126465,
        18.023468017578125,
        24.19342041015625
      ]
    },
    "74": {
      "90%": [
        0.22871428728103638,
        7.04833984375,
        7.1483154296875,
        8.039886474609375,
        9.653533935546875
      ]
    },
    "39": {
      "90%": [
        0.3762190341949463,
        4.2747802734375,
        8.070556640625,
        4.210693359375,
        8.30828857421875
      ]
    },
    "75": {
      "90%": [
        0.39264142513275146,
        9.679718017578125,
        13.836074829101562,
        6.34735107421875,
        12.9893798828125
      ]
    },
    "21": {
      "90%": [
        0.3758366107940674,
        27.958343505859375,
        14.866470336914062,
        48.628204345703125,
        23.751296997070312
      ]
    },
    "59": {
      "90%": [
        0.4190247058868408,
        66.42262673377991,
        80.35684204101562,
        69.38461303710938,
        38.13372802734375
      ]
    },
    "73": {
      "90%": [
        0.47129935026168823,
        10.68389892578125,
        9.6431884765625,
        13.1514892578125,
        8.269927978515625
      ]
    },
    "11": {
      "90%": [
        0.19839537143707275,
        4.267791748046875,
        4.7264556884765625,
        5.01361083984375,
        5.21197509765625
      ]
    },
    "7": {
      "90%": [
        0.4455483555793762,
        23.066558837890625,
        14.044174194335938,
        33.380767822265625,
        9.93121337890625
      ]
    },
    "77": {
      "90%": [
        0.34999990463256836,
        39.589908599853516,
        29.07001495361328,
        45.544097900390625,
        39.53594970703125
      ]
    },
    "30": {
      "90%": [
        0.4360197186470032,
        23.43653106689453,
        15.12445068359375,
        23.0625,
        9.99578857421875
      ]
    },
    "69": {
      "90%": [
        0.4108933210372925,
        28.397186279296875,
        66.11138916015625,
        21.6650390625,
        22.527908325195312
      ]
    },
    "32": {
      "90%": [
        0.3558642864227295,
        2.3865127563476562,
        1.69482421875,
        1.8753662109375,
        2.6152191162109375
      ]
    },
    "38": {
      "90%": [
        0.23159247636795044,
        9.137519836425781,
        8.073230743408203,
        9.072174072265625,
        17.612136840820312
      ]
    },
    "26": {
      "90%": [
        0.43707382678985596,
        11.897247314453125,
        20.008895874023438,
        11.921859741210938,
        10.14495849609375
      ]
    },
    "14": {
      "90%": [
        0.387542724609375,
        7.3956298828125,
        6.141868591308594,
        7.651458740234375,
        7.983489990234375
      ]
    },
    "8": {
      "90%": [
        0.4201364517211914,
        14.026607513427734,
        20.649688720703125,
        20.348968505859375,
        9.48626708984375
      ]
    },
    "24": {
      "90%": [
        0.464518666267395,
        16.007232666015625,
        15.197845458984375,
        14.303741455078125,
        15.78680419921875
      ]
    },
    "67": {
      "90%": [
        0.390098512172699,
        6.545379638671875,
        5.604888916015625,
        8.6951904296875,
        11.781936645507812
      ]
    },
    "55": {
      "90%": [
        0.4226284623146057,
        16.52239990234375,
        27.5191650390625,
        16.81182861328125,
        17.2392578125
      ]
    },
    "45": {
      "90%": [
        0.4282059669494629,
        16.885847091674805,
        22.033475875854492,
        14.711456298828125,
        17.54931640625
      ]
    },
    "37": {
      "90%": [
        0.38015973567962646,
        12.96234130859375,
        12.513940811157227,
        12.967529296875,
        11.4866943359375
      ]
    },
    "63": {
      "90%": [
        0.3701481223106384,
        25.94822883605957,
        19.089523315429688,
        28.04205322265625,
        20.169281005859375
      ]
    },
    "64": {
      "90%": [
        0.13575512170791626,
        3.275146484375,
        2.795074462890625,
        5.13616943359375,
        3.09808349609375
      ]
    },
    "66": {
      "90%": [
        0.34244436025619507,
        13.927642822265625,
        11.994919776916504,
        17.2752685546875,
        12.06488037109375
      ]
    },
    "2": {
      "90%": [
        0.3792094588279724,
        7.8640289306640625,
        5.158050537109375,
        8.047470092773438,
        5.75701904296875
      ]
    },
    "5": {
      "90%": [
        0.26678603887557983,
        13.084495544433594,
        8.749015808105469,
        17.41973876953125,
        11.343353271484375
      ]
    },
    "15": {
      "90%": [
        0.27764350175857544,
        46.365318298339844,
        26.194089889526367,
        40.08918762207031,
        33.0882568359375
      ]
    },
    "4": {
      "90%": [
        0.28993844985961914,
        27.78204345703125,
        12.903121948242188,
        29.034423828125,
        23.73175048828125
      ]
    },
    "22": {
      "90%": [
        0.2472495436668396,
        19.68817138671875,
        11.674530029296875,
        19.77141571044922,
        14.713623046875
      ]
    },
    "60": {
      "90%": [
        0.4209727644920349,
        74.94268798828125,
        78.63284301757812,
        56.93328857421875,
        53.64117431640625
      ]
    },
    "27": {
      "90%": [
        0.3456113934516907,
        8.861831665039062,
        8.211181640625,
        8.772003173828125,
        13.203704833984375
      ]
    },
    "9": {
      "90%": [
        0.40125107765197754,
        4.97796630859375,
        5.134674072265625,
        4.23748779296875,
        6.5343170166015625
      ]
    },
    "47": {
      "90%": [
        0.44911444187164307,
        15.680435180664062,
        10.090934753417969,
        11.60430908203125,
        5.716766357421875
      ]
    },
    "34": {
      "90%": [
        0.3974676728248596,
        18.56591796875,
        8.161354064941406,
        17.647369384765625,
        16.21746826171875
      ]
    },
    "43": {
      "90%": [
        0.43575942516326904,
        13.86126708984375,
        13.388580322265625,
        11.169418334960938,
        12.944808959960938
      ]
    },
    "40": {
      "90%": [
        0.3963063359260559,
        6.658766269683838,
        9.228275299072266,
        6.69085693359375,
        19.130950927734375
      ]
    },
    "41": {
      "90%": [
        0.40296971797943115,
        6.13299560546875,
        5.392974853515625,
        5.401947021484375,
        9.945404052734375
      ]
    },
    "46": {
      "90%": [
        0.44357192516326904,
        32.86466598510742,
        33.760284423828125,
        35.813629150390625,
        32.32568359375
      ]
    },
    "33": {
      "90%": [
        0.4140280485153198,
        5.7683563232421875,
        7.03326416015625,
        8.177734375,
        10.350715637207031
      ]
    },
    "61": {
      "90%": [
        0.24465030431747437,
        20.711334228515625,
        25.718849182128906,
        10.044921875,
        18.140625
      ]
    },