{
  "classwise_qhat": {
    "58": {
      "98%": [
        0.4828152060508728,
        61.57489013671875,
        68.42014694213867,
        73.63543701171875,
        94.14082336425781
      ]
    },
    "62": {
      "98%": [
        0.475094199180603,
        31.17950439453125,
        13.110855102539062,
        78.66211700439453,
        59.80120849609375
      ]
    },
    "56": {
      "98%": [
        0.4799478054046631,
        58.35723876953125,
        59.31849670410156,
        52.995758056640625,
        53.135498046875
      ]
    },
    "0": {
      "98%": [
        0.4602343440055847,
        47.22669982910156,
        46.07142639160156,
        51.1435546875,
        70.87031555175781
      ]
    },
    "72": {
      "98%": [
        0.4721418023109436,
        52.486572265625,
        78.88316345214844,
        46.8773193359375,
        135.44186401367188
      ]
    },
    "74": {
      "98%": [
        0.4362865686416626,
        22.98516845703125,
        78.26651000976562,
        49.56231689453125,
        37.243865966796875
      ]
    },
    "39": {
      "98%": [
        0.4686780571937561,
        10.937629699707031,
        28.742950439453125,
        9.38861083984375,
        32.482208251953125
      ]
    },
    "75": {
      "98%": [
        0.4719999432563782,
        33.5987548828125,
        53.561676025390625,
        21.48016357421875,
        93.1796875
      ]
    },
    "21": {
      "98%": [
        0.455039381980896,
        85.92556762695312,
        45.48065948486328,
        178.65289306640625,
        71.85174560546875
      ]
    },
    "59": {
      "98%": [
        0.4941980242729187,
        181.47999572753906,
        272.8855438232422,
        177.45339965820312,
        174.80313110351562
      ]
    },
    "73": {
      "98%": [
        0.4956957697868347,
        31.471481323242188,
        44.28125,
        54.319732666015625,
        40.26275634765625
      ]
    },
    "11": {
      "98%": [
        0.3565330505371094,
        10.603256225585938,
        6.0330047607421875,
        8.10455322265625,
        7.08258056640625
      ]
    },
    "7": {
      "98%": [
        0.4927651882171631,
        71.22738647460938,
        42.810447692871094,
        84.26901245117188,
        39.5010986328125
      ]
    },
    "77": {
      "98%": [
        0.4689589738845825,
        114.98861694335938,
        133.8715362548828,
        206.14920043945312,
        84.72552490234375
      ]
    },
    "30": {
      "98%": [
        0.4834352731704712,
        74.27313232421875,
        47.787689208984375,
        83.94100952148438,
        29.61090087890625
      ]
    },
    "69": {
      "98%": [
        0.4806863069534302,
        130.0243682861328,
        114.7693862915039,
        78.18792724609375,
        97.80815124511719
      ]
    },
    "32": {
      "98%": [
        0.4688405990600586,
        5.4326934814453125,
        3.49896240234375,
        3.447662353515625,
        6.5032958984375
      ]
    },
    "38": {
      "98%": [
        0.4475417733192444,
        31.92803955078125,
        40.15425777435303,
        29.407867431640625,
        51.1639404296875
      ]
    },
    "26": {
      "98%": [
        0.4865671396255493,
        47.372947692871094,
        65.57759094238281,
        32.002777099609375,
        31.706710815429688
      ]
    },
    "14": {
      "98%": [
        0.4844459295272827,
        15.390228271484375,
        21.202392578125,
        18.072906494140625,
        35.363983154296875
      ]
    },
    "8": {
      "98%": [
        0.4776982069015503,
        52.592655181884766,
        53.0238037109375,
        114.55142211914062,
        36.78131103515625
      ]
    },
    "24": {
      "98%": [
        0.49852126836776733,
        57.86187744140625,
        37.87907409667969,
        47.081626892089844,
        54.10546875
      ]
    },
    "67": {
      "98%": [
        0.46705085039138794,
        22.699188232421875,
        13.950393676757812,
        23.921875,
        18.45850372314453
      ]
    },
    "55": {
      "98%": [
        0.47646796703338623,
        69.6597900390625,
        88.56366729736328,
        82.73727416992188,
        44.594879150390625
      ]
    },
    "45": {
      "98%": [
        0.485750675201416,
        105.21708679199219,
        102.37474060058594,
        71.34707641601562,
        61.665130615234375
      ]
    },
    "37": {
      "98%": [
        0.47860318422317505,
        101.24603271484375,
        54.7339973449707,
        56.486724853515625,
        73.95365905761719
      ]
    },
    "63": {
      "98%": [
        0.4795565605163574,
        79.23187255859375,
        124.94601821899414,
        107.23562622070312,
        86.93795776367188
      ]
    },
    "64": {
      "98%": [
        0.47006791830062866,
        5.846771240234375,
        13.841094970703125,
        17.68072509765625,
        6.1893310546875
      ]
    },
    "66": {
      "98%": [
        0.44057464599609375,
        44.163909912109375,
        88.95661926269531,
        30.70941162109375,
        42.86114501953125
      ]
    },
    "2": {
      "98%": [
        0.4766329526901245,
        32.319854736328125,
        17.705963134765625,
        43.392486572265625,
        18.29345703125
      ]
    },
    "5": {
      "98%": [
        0.42608642578125,
        45.802371978759766,
        30.842529296875,
        69.64289855957031,
        41.866058349609375
      ]
    },
    "15": {
      "98%": [
        0.47313404083251953,
        120.59146118164062,
        102.00368928909302,
        173.5032958984375,
        110.14370727539062
      ]
    },
    "4": {
      "98%": [
        0.4608635902404785,
        144.44000244140625,
        55.056365966796875,
        166.07676696777344,
        75.858154296875
      ]
    },
    "22": {
      "98%": [
        0.43559908866882324,
        104.33651733398438,
        43.60905456542969,
        53.5777587890625,
        87.31181335449219
      ]
    },
    "60": {
      "98%": [
        0.4893949627876282,
        209.42605590820312,
        176.6305923461914,
        180.489990234375,
        184.45001220703125
      ]
    },
    "27": {
      "98%": [
        0.4873960018157959,
        19.762954711914062,
        25.2569580078125,
        49.245086669921875,
        61.92303466796875
      ]
    },
    "9": {
      "98%": [
        0.4579237103462219,
        12.171051025390625,
        16.072185516357422,
        15.336265563964844,
        19.806838989257812
      ]
    },
    "47": {
      "98%": [
        0.4905938506126404,
        64.03732299804688,
        28.412445068359375,
        123.37469482421875,
        27.803466796875
      ]
    },
    "34": {
      "98%": [
        0.44951552152633667,
        57.63931655883789,
        28.359516143798828,
        38.5384521484375,
        49.9503173828125
      ]
    },
    "43": {
      "98%": [
        0.4921390414237976,
        56.310394287109375,
        77.96546363830566,
        80.1207275390625,
        42.98390197753906
      ]
    },
    "40": {
      "98%": [
        0.4606007933616638,
        14.913970947265625,
        23.622650146484375,
        19.406211853027344,
        51.903778076171875
      ]
    },
    "41": {
      "98%": [
        0.4780120253562927,
        14.4466552734375,
        23.123672485351562,
        21.598785400390625,
        27.922943115234375
      ]
    },
    "46": {
      "98%": [
        0.4966527819633484,
        179.639404296875,
        92.8731689453125,
        90.99896240234375,
        101.258544921875
      ]
    },
    "33": {
      "98%": [
        0.48064374923706055,
        57.68669128417969,
        31.862869262695312,
        81.13772583007812,
        95.29793548583984
      ]
    },
    "61": {
      "98%": [
        0.4884108304977417,
        105.31704711914062,
        119.58856201171875,
        61.548553466796875,
        49.481292724609375
      ]
    },